{
  "prob_pred": [
    0.07816214204596802,
    0.1552684528711164,
    0.253041684021475,
    0.3522353172995236,
    0.45354410598499323,
    0.5544166839082286,
    0.6542632102784385,
    0.7551092597084166,
    0.8581495313635434,
    0.9435214283611721
  ],
  "prob_true": [
    0.0375,
    0.07637231503579953,
    0.17301038062283736,
    0.271101573676681,
    0.3637222484648087,
    0.4786743515850144,
    0.5818777292576419,
    0.7035754303758786,
    0.834237631046533,
    0.9353274050121261
  ],
  "count": [
    80,
    419,
    867,
    1398,
    2117,
    3470,
    5496,
    9817,
    21748,
    64324
  ]
}
