{
  "top_percent": [
    1,
    5,
    10,
    20,
    30
  ],
  "capture_rate": [
    0.011563665802400255,
    0.05754482698261621,
    0.1149911932346538,
    0.22918376054350323,
    0.34290590436181034
  ],
  "lift": [
    1.156746062435911,
    1.1510643699898602,
    1.149974809149546,
    1.1459292453183518,
    1.1430474581120178
  ]
}
